Beck	scelerisque@fringilla.edu	Offida	22	4	1992	Turks and Caicos Islands
Isadora	orci@estmollis.edu	Strausberg	4	10	1964	Trinidad and Tobago
Mia	ligula.Nullam@ligula.edu	Kanchipuram	12	4	1982	South Georgia and The South Sandwich Islands
Jaquelyn	et@magnaaneque.edu	Stirling	1	2	1976	Saint Lucia
Genevieve	elementum@ridiculusmus.edu	LaSalle	18	7	1972	Puerto Rico
Cally	tellus.Nunc@Donec.edu	Rocky View	3	10	1992	Mozambique
Chava	ac.turpis@quisaccumsan.edu	Lusevera	20	1	1971	Mozambique
Caryn	scelerisque@vestibulum.edu	King Township	12	2	1991	Martinique
Kennedy	Suspendisse.non.leo@consequat.edu	Prince George	4	2	1961	Malaysia
Julian	semper.cursus.Integer@Sed.edu	Stewart	26	8	2000	Kazakhstan
Leilani	Maecenas.malesuada@nonummy.edu	Rosarno	12	10	1950	Japan
Gemma	erat@sedhendrerit.edu	Glasgow	2	2	1990	Greenland
Callum	natoque.penatibus@nisl.edu	Labrecque	26	12	1969	Ghana
Levi	libero.dui.nec@dolorelitpellentesque.edu	Tire	20	1	1969	Georgia
Moses	Quisque.imperdiet.erat@antelectusconvallis.edu	Carleton	12	7	1963	Finland
Fitzgerald	ornare.Fusce@scelerisqueduiSuspendisse.net	Tampa	20	9	1975	Egypt
Hillary	Mauris.nulla@Proin.edu	Kallo	23	4	1988	Egypt
Barclay	ipsum.Suspendisse@tortorInteger.edu	Birmingham	23	3	1960	Curaçao
MacKensie	sapien@lacinia.edu	Marbais	11	8	1997	Curaçao
Fulton	diam.Proin@acturpis.edu	Juazeiro do Norte	9	10	1982	Brunei
Prescott	commodo.tincidunt.nibh@lacusvariuset.edu	Turriaco	2	1	1967	Bolivia
Ferdinand	Suspendisse@nulla.edu	Sterling Heights	17	3	1969	Bangladesh
Grace	quis.diam.Pellentesque@ornareIn.edu	Cisterna di Latina	15	10	1962	Antigua and Barbuda
